,MAE,MSE,RMSE,MAPE,R²
RNN,0.08886251260288844,0.010487323339931142,0.102407633211256,6.495505059303072,0.5111773540930751
LSTM,0.05413609324948544,0.004792190772279584,0.06922565111488359,3.968550252399831,0.776632101722551
CNN,0.04838431285351402,0.003792904135683566,0.06158655807628452,3.6428881026267215,0.8232096622579835
GRU,0.03792479975891378,0.0022158643699564675,0.04707296856962037,2.827726093996533,0.8967167646897294
Attention_LSTM,0.03836041086721818,0.0022110126558505124,0.04702140635764218,2.9328478345808624,0.8969429070188618
